{
    "1": {
        "idproduto": "1",
        "imagem": "https://cdn.discordapp.com/attachments/1109637133888671795/1136042853638881320/BannerPrincipal.png",
        "color": "2f3136",
        "nome": "Sem nome ainda...",
        "cup": "false",
        "desc": "Sem descrição ainda...",
        "preco": "10",
        "conta": [
            "A",
            "A",
            "A",
            "A",
            "A",
            "A",
            "AA",
            "A",
            "A",
            "A",
            "AA",
            "A"
        ]
    },
    "giftcard": {
        "idproduto": "giftcard",
        "imagem": "https://media.discordapp.net/attachments/1190597875378442381/1190604812065185864/standard.gif?ex=65a26823&is=658ff323&hm=dfd1ea039d2fd507d4f1f5d39ff11dd9c696b24368ef5bb6202fb58226bd0eef&",
        "color": "ffa500",
        "nome": "Método Gift Card",
        "cup": "false",
        "desc": "Método gift card",
        "preco": "5",
        "conta": [
            "A"
        ]
    }
}